dataset,graph_format,count,min_tokens,quantile_25_tokens,median_tokens,quantile_75_tokens,max_tokens,mean_tokens,std_dev_tokens,less_than_15000
explagraphs,gml,2766,614,637.0,723.0,815.0,1121,746.5003615328995,115.5122806457295,2766
explagraphs,graphml,2766,871,894.0,1013.0,1138.0,1543,1044.6247288503255,156.16901224780315,2766
explagraphs,json,2766,661,684.0,779.0,880.0,1213,804.7161966738973,126.59468750996821,2766
explagraphs,table,2766,526,550.0,586.0,626.0,782,596.025668835864,52.768480569331324,2766
