dataset,graph_format,count,min_tokens,quantile_25_tokens,median_tokens,quantile_75_tokens,max_tokens,mean_tokens,std_dev_tokens,less_than_15000
ogbl_vessel,gml,10000,480,1757.0,2175.0,2633.0,5873,2220.677,645.9021981971915,10000
ogbl_vessel,graphml,10000,686,2370.0,2932.0,3533.0,7758,2987.6194,844.1958155553355,10000
ogbl_vessel,json,10000,506,2056.25,2555.5,3111.0,7065,2615.621,783.6363579831906,10000
ogbl_vessel,table,10000,468,879.0,1004.0,1139.0,2081,1014.0279,190.9770057972023,10000
