dataset,graph_format,count,min_tokens,quantile_25_tokens,median_tokens,quantile_75_tokens,max_tokens,mean_tokens,std_dev_tokens,less_than_15000
ogbl_vessel,gml,10000,482,1793.0,2211.0,2653.0,5873,2246.8018,635.7211503913226,10000
ogbl_vessel,graphml,10000,688,2420.75,2976.5,3552.0,7758,3019.8052,831.5473350026408,10000
ogbl_vessel,json,10000,508,2095.75,2606.0,3138.0,7065,2648.7822,770.7432052713823,10000
ogbl_vessel,table,10000,470,889.0,1011.0,1143.0,2081,1020.0973,188.49375220991328,10000
