dataset,graph_format,count,min_tokens,quantile_25_tokens,median_tokens,quantile_75_tokens,max_tokens,mean_tokens,std_dev_tokens,less_than_15000
twitch,gml,2400,532,796.0,1160.0,1537.0,2447,1191.24125,456.52849380857754,2400
twitch,graphml,2400,910,1281.0,1785.0,2298.25,3515,1826.64625,622.9469866470794,2400
twitch,json,2400,588,902.0,1341.5,1792.0,2910,1375.8979166666666,552.9923630210841,2400
twitch,table,2400,502,629.0,769.0,909.0,1246,779.8125,167.49082163949265,2400
