dataset,graph_format,count,min_tokens,quantile_25_tokens,median_tokens,quantile_75_tokens,max_tokens,mean_tokens,std_dev_tokens,less_than_15000
fb15k237,gml,3200,829,5140.75,7308.5,8948.0,11407,6917.399375,2470.3807290416557,3200
fb15k237,graphml,3200,1193,7040.25,10089.0,12252.25,14991,9475.668125,3345.2444196844663,3200
fb15k237,json,3200,927,6015.25,8680.0,10634.25,13240,8175.6478125,2950.7556746713344,3200
fb15k237,table,3200,698,3226.0,4518.5,5524.5,8077,4356.99,1524.2479278140586,3200
