dataset,graph_format,count,min_tokens,quantile_25_tokens,median_tokens,quantile_75_tokens,max_tokens,mean_tokens,std_dev_tokens,less_than_15000
ogbl_vessel,gml,2400,465,1716.0,2172.0,2642.25,5886,2209.72125,651.5682689114084,2400
ogbl_vessel,graphml,2400,671,2362.0,2957.0,3563.0,7771,2998.06375,853.7224151737933,2400
ogbl_vessel,json,2400,491,2000.0,2553.0,3119.25,7078,2603.29625,791.1615687798758,2400
ogbl_vessel,table,2400,453,898.0,1028.0,1170.0,2106,1035.4625,194.68281899135556,2400
