dataset,graph_format,count,min_tokens,quantile_25_tokens,median_tokens,quantile_75_tokens,max_tokens,mean_tokens,std_dev_tokens,less_than_15000
ogbn_arxiv,gml,800,729,1540.0,2941.5,5566.0,11574,3937.30125,2860.4761710955045,800
ogbn_arxiv,graphml,800,950,2028.0,3848.0,7281.0,14899,5135.8075,3704.1704886796524,800
ogbn_arxiv,json,800,769,1723.75,3355.5,6484.25,13952,4555.10375,3414.3248066554265,800
ogbn_arxiv,table,800,706,1114.75,1802.5,3059.25,6003,2276.385,1383.9794789926766,800
