dataset,graph_format,count,min_tokens,quantile_25_tokens,median_tokens,quantile_75_tokens,max_tokens,mean_tokens,std_dev_tokens,less_than_15000
stack_elec,gml,3200,549,4434.25,8970.0,10708.75,13686,7803.27875,3706.9135748965277,3200
stack_elec,graphml,3200,823,5121.0,10252.5,12049.75,14994,8848.2134375,4066.881171644542,3200
stack_elec,json,3200,582,4664.5,9414.0,11180.75,14116,8157.605,3849.6759672801168,3200
stack_elec,table,3200,588,3829.25,7619.0,9163.0,11963,6709.39375,3145.882634463688,3200
