dataset,graph_format,count,min_tokens,quantile_25_tokens,median_tokens,quantile_75_tokens,max_tokens,mean_tokens,std_dev_tokens,less_than_15000
bace,gml,3200,2306,5593.0,6400.0,7536.0,9383,6543.551875,1303.486727857065,3200
bace,graphml,3200,3885,9078.0,10368.5,12186.0,14948,10612.01125,2064.3578239385556,3200
bace,json,3200,2876,7096.75,8126.0,9589.25,11887,8295.859375,1670.888184847823,3200
bace,table,3200,1044,2078.0,2319.5,2639.0,3234,2349.41125,375.9126241129578,3200
