dataset,graph_format,count,min_tokens,quantile_25_tokens,median_tokens,quantile_75_tokens,max_tokens,mean_tokens,std_dev_tokens,less_than_15000
cycle_checking,gml,1600,1174,1229.0,1289.0,1332.0,1362,1274.905,54.73770282053113,1600
cycle_checking,graphml,1600,1321,1376.0,1453.0,1496.0,1526,1432.46375,61.46988309340754,1600
cycle_checking,json,1600,1320,1375.0,1459.0,1502.0,1532,1436.3225,64.1477811766992,1600
cycle_checking,table,1600,596,626.0,632.5,669.0,699,640.115,27.647368964001668,1600
