dataset,graph_format,count,min_tokens,quantile_25_tokens,median_tokens,quantile_75_tokens,max_tokens,mean_tokens,std_dev_tokens,less_than_15000
cycle_checking,gml,1600,1174,1235.0,1289.0,1332.0,1362,1275.23875,54.64134466023802,1600
cycle_checking,graphml,1600,1321,1382.0,1453.0,1496.0,1526,1432.7975,61.347605488616985,1600
cycle_checking,json,1600,1320,1381.0,1459.0,1502.0,1532,1436.65625,64.01717121068886,1600
cycle_checking,table,1600,596,626.0,632.5,669.0,699,640.44875,27.84372764498728,1600
