dataset,graph_format,count,min_tokens,quantile_25_tokens,median_tokens,quantile_75_tokens,max_tokens,mean_tokens,std_dev_tokens,less_than_15000
edge_existence,gml,1600,1025,3782.25,5700.5,7683.5,13379,5880.625,2675.912332482507,1600
edge_existence,graphml,1600,1169,4390.5,6660.0,9068.75,16046,6918.89875,3225.4775903425643,1584
edge_existence,json,1600,1155,4525.75,6901.5,9401.0,16615,7157.085,3352.9217945883256,1574
edge_existence,table,1600,554,1294.5,1795.0,2324.25,3858,1845.72125,701.1353910417686,1600
