dataset,graph_format,count,min_tokens,quantile_25_tokens,median_tokens,quantile_75_tokens,max_tokens,mean_tokens,std_dev_tokens,less_than_15000
yelp_review,gml,10000,1381,8676.5,11577.5,15525.25,42465,12552.8976,5672.080143971007,7234
yelp_review,graphml,10000,2628,13551.25,17224.5,22516.75,56482,18346.6479,7076.9471354250845,3477
yelp_review,json,10000,1712,10857.75,14142.0,18917.5,49724,15255.614,6451.472207749845,5511
yelp_review,table,10000,1023,5472.75,7492.5,10171.25,32942,8313.3907,4210.445340608303,9317
