dataset,graph_format,count,min_tokens,quantile_25_tokens,median_tokens,quantile_75_tokens,max_tokens,mean_tokens,std_dev_tokens,less_than_15000
ogbn_arxiv,gml,10000,723,2016.75,4823.0,14573.5,54630,9974.2754,10925.500715461194,7549
ogbn_arxiv,graphml,10000,944,2646.75,6295.5,18822.5,68441,12826.5214,13889.39709886354,7000
ogbn_arxiv,json,10000,763,2259.75,5599.5,17382.25,67636,11912.8446,13351.729746297779,7193
ogbn_arxiv,table,10000,702,1346.0,2717.0,7387.5,26218,5149.7657,5190.967927449168,9223
