dataset,graph_format,count,min_tokens,quantile_25_tokens,median_tokens,quantile_75_tokens,max_tokens,mean_tokens,std_dev_tokens,less_than_15000
fb15k237,gml,10000,1443,9006.0,12720.5,21822.0,70876,17117.6539,12249.582738340127,6003
fb15k237,graphml,10000,1752,12032.25,16955.0,28626.75,90260,22483.233,15747.251443071329,4079
fb15k237,json,10000,1503,10519.75,14926.0,25647.0,82811,20107.6361,14462.282743159587,5037
fb15k237,table,10000,1361,5872.5,8329.5,14633.75,50260,11529.3599,8504.171457925246,7546
