dataset,graph_format,count,min_tokens,quantile_25_tokens,median_tokens,quantile_75_tokens,max_tokens,mean_tokens,std_dev_tokens,less_than_15000
stack_elec,gml,5000,626,7847.75,11045.5,13807.0,42017,10648.616,5293.545110501217,4183
stack_elec,graphml,5000,900,8891.0,12366.0,15331.75,45200,11837.6816,5660.519376218332,3607
stack_elec,json,5000,660,8209.5,11514.0,14406.5,44276,11081.5358,5470.924337014597,3985
stack_elec,table,5000,665,6700.75,9480.0,11914.0,37032,9223.385,4642.875474973477,4565
