dataset,graph_format,count,min_tokens,quantile_25_tokens,median_tokens,quantile_75_tokens,max_tokens,mean_tokens,std_dev_tokens,less_than_15000
wikics,gml,10000,426,2993.75,10844.0,30238.75,149139,21103.7001,24902.346373955483,5648
wikics,graphml,10000,548,3799.75,13585.0,37565.5,183898,26193.3953,30724.671038822886,5175
wikics,json,10000,444,3523.25,13215.5,37676.0,188492,26277.3305,31430.46038454513,5219
wikics,table,10000,440,1600.75,5137.0,14033.5,68894,9887.2494,11440.279816037122,7669
