dataset,graph_format,count,min_tokens,quantile_25_tokens,median_tokens,quantile_75_tokens,max_tokens,mean_tokens,std_dev_tokens,less_than_15000
yelp_review,gml,3192,1347,5949.0,7354.5,8608.5,11188,7053.74686716792,1950.9894293705754,3192
yelp_review,graphml,3192,2657,10175.75,12139.0,13832.25,15406,11557.152255639097,2835.9204652088206,3138
yelp_review,json,3192,1720,7658.75,9349.0,10816.75,12625,8888.890037593985,2409.2974528603795,3192
yelp_review,table,3192,993,3676.25,4632.0,5469.0,8522,4528.798872180451,1277.680187491858,3192
