dataset,graph_format,count,min_tokens,quantile_25_tokens,median_tokens,quantile_75_tokens,max_tokens,mean_tokens,std_dev_tokens,less_than_15000
chebi20,gml,3200,796,3024.5,4419.5,5784.0,9377,4562.9809375,1923.6201083632725,3200
chebi20,graphml,3200,1497,5055.0,7262.0,9399.25,15022,7500.06625,3045.6359069183172,3199
chebi20,json,3200,938,3784.0,5571.0,7333.5,11909,5759.8009375,2468.4155422486124,3200
chebi20,table,3200,609,1339.0,1725.0,2115.0,3149,1766.1865625,545.7602804534204,3200
