dataset,graph_format,count,min_tokens,quantile_25_tokens,median_tokens,quantile_75_tokens,max_tokens,mean_tokens,std_dev_tokens,less_than_15000
movielens1m,gml,10000,1770,6412.0,9466.0,12885.25,28030,9921.7423,4263.864203288516,8685
movielens1m,graphml,10000,2698,9711.75,14147.5,19127.0,41154,14812.1187,6202.58764735836,5496
movielens1m,json,10000,1895,7518.75,11335.0,15607.75,34535,11902.5894,5328.871081505725,7206
movielens1m,table,10000,1173,3817.0,5689.5,7786.25,17075,5970.1531,2616.550380147413,9996
