dataset,graph_format,count,min_tokens,quantile_25_tokens,median_tokens,quantile_75_tokens,max_tokens,mean_tokens,std_dev_tokens,less_than_15000
movielens1m,gml,10000,1920,6396.5,9544.5,12885.0,26921,9939.2666,4259.763277113193,8664
movielens1m,graphml,10000,2873,9687.0,14267.0,19126.25,39523,14837.4142,6197.016714101555,5441
movielens1m,json,10000,2040,7498.75,11430.5,15606.0,33140,11924.7637,5323.510137069355,7196
movielens1m,table,10000,1230,3806.75,5743.5,7785.5,16428,5980.9702,2613.5036878612996,9996
