dataset,graph_format,count,min_tokens,quantile_25_tokens,median_tokens,quantile_75_tokens,max_tokens,mean_tokens,std_dev_tokens,less_than_15000
movielens1m,gml,2000,2338,6471.25,9629.0,12823.25,24194,9961.0905,4303.083362255606,1736
movielens1m,graphml,2000,3615,9796.5,14390.0,19027.75,35546,14869.349,6259.429520264495,1084
movielens1m,json,2000,2517,7587.25,11538.0,15532.0,29734,11951.7675,5377.994886753301,1449
movielens1m,table,2000,1439,3846.25,5781.5,7751.5,14753,5994.112,2641.224920751165,2000
