dataset,graph_format,count,min_tokens,quantile_25_tokens,median_tokens,quantile_75_tokens,max_tokens,mean_tokens,std_dev_tokens,less_than_15000
hamilton_path,gml,1600,690,3373.5,6580.0,12656.0,25433,8432.4775,6187.095881279546,1329
hamilton_path,graphml,1600,757,3973.0,7802.5,15259.75,30980,10136.035,7556.926568933639,1190
hamilton_path,json,1600,726,4078.0,8061.0,15769.0,32029,10461.93,7829.139332441285,1177
hamilton_path,table,1600,489,1198.5,2034.5,3638.0,7032,2527.48625,1620.0132207278484,1600
