dataset,graph_format,count,min_tokens,quantile_25_tokens,median_tokens,quantile_75_tokens,max_tokens,mean_tokens,std_dev_tokens,less_than_15000
ogbn_arxiv,gml,2400,537,1428.0,2837.0,5385.25,11574,3789.04,2840.541262742701,2400
ogbn_arxiv,graphml,2400,758,1917.75,3772.5,7096.25,14899,4995.212916666666,3683.086583909851,2400
ogbn_arxiv,json,2400,577,1589.0,3239.5,6288.75,13952,4406.840833333334,3393.8632098174257,2400
ogbn_arxiv,table,2400,514,1035.0,1694.0,2943.75,6003,2150.3620833333334,1369.3154559802829,2400
