dataset,graph_format,count,min_tokens,quantile_25_tokens,median_tokens,quantile_75_tokens,max_tokens,mean_tokens,std_dev_tokens,less_than_15000
twitch,gml,10,2024,10169.25,33225.5,44476.75,48686,28513.1,18581.72135579598,3
twitch,graphml,10,2997,13986.25,44123.5,58549.0,63493,37749.6,24198.428457695805,3
twitch,json,10,2369,12285.25,40766.5,54791.0,60235,35040.2,22998.40882322079,3
twitch,table,10,1044,3670.75,10349.0,13424.0,14423,8833.1,5329.465210819311,10
