dataset,graph_format,count,min_tokens,quantile_25_tokens,median_tokens,quantile_75_tokens,max_tokens,mean_tokens,std_dev_tokens,less_than_15000
twitch,gml,1000,666,13113.25,22630.5,28041.0,69316,21119.565,11397.778553109407,289
twitch,graphml,1000,1097,17692.75,30399.0,37164.75,87996,28120.075,14696.115142296985,222
twitch,json,1000,747,15954.0,27626.0,34464.25,86820,25889.965,14174.080840585422,238
twitch,table,1000,554,4513.0,7416.0,8768.25,18226,6718.04,3165.019395228436,993
