dataset,graph_format,count,min_tokens,quantile_25_tokens,median_tokens,quantile_75_tokens,max_tokens,mean_tokens,std_dev_tokens,less_than_15000
twitch,gml,20000,664,14357.75,22619.5,28253.0,111485,21613.3384,11242.648368583052,5277
twitch,graphml,20000,1095,19512.0,30373.5,37482.0,139914,28757.0797,14465.830928901769,3911
twitch,json,20000,745,17428.5,27595.5,34697.25,140326,26503.6544,13994.625039648638,4297
twitch,table,20000,551,4941.75,7377.5,8819.0,27986,6855.38875,3099.626107907842,19880
