dataset,graph_format,count,min_tokens,quantile_25_tokens,median_tokens,quantile_75_tokens,max_tokens,mean_tokens,std_dev_tokens,less_than_15000
shortest_path,gml,1600,951,3141.25,5366.0,8609.25,18999,6171.760625,3798.0830362227994,1552
shortest_path,graphml,1600,1078,3655.0,6318.0,10231.5,23022,7321.156875,4605.218648611183,1478
shortest_path,json,1600,1057,3754.0,6534.0,10600.5,23817,7559.478125,4780.021651900951,1457
shortest_path,table,1600,565,1141.75,1730.0,2561.5,5297,1938.003125,994.0350410848453,1600
