dataset,graph_format,count,min_tokens,quantile_25_tokens,median_tokens,quantile_75_tokens,max_tokens,mean_tokens,std_dev_tokens,less_than_15000
fingerprint,gml,1341,1056,1200.0,1366.0,1729.0,2803,1477.3967188665176,318.39061823532273,1341
fingerprint,graphml,1341,1405,1606.0,1846.0,2376.0,3939,2011.3273676360925,463.5623927846008,1341
fingerprint,json,1341,1119,1287.0,1479.0,1896.0,3139,1607.034302759135,367.6541776518127,1341
fingerprint,table,1341,949,1015.0,1087.0,1243.0,1710,1134.5018642803877,137.6123835035815,1341
