dataset,graph_format,count,min_tokens,quantile_25_tokens,median_tokens,quantile_75_tokens,max_tokens,mean_tokens,std_dev_tokens,less_than_15000
edge_counting,gml,1600,912,3694.25,5489.0,7786.25,13311,5851.68,2790.8101760060767,1600
edge_counting,graphml,1600,1039,4267.0,6387.5,9218.75,15966,6884.07625,3367.3427108431665,1587
edge_counting,json,1600,1018,4400.0,6623.0,9547.0,16533,7120.7725,3499.553467914228,1577
edge_counting,table,1600,526,1266.0,1738.5,2352.25,3827,1838.89,730.6607993127062,1600
