dataset,graph_format,count,min_tokens,quantile_25_tokens,median_tokens,quantile_75_tokens,max_tokens,mean_tokens,std_dev_tokens,less_than_15000
wikics,gml,2400,381,1368.75,3046.0,5943.5,12054,3958.9254166666665,3090.9005462160076,2400
wikics,graphml,2400,503,1773.75,3880.5,7498.5,15025,5008.045416666667,3861.8857162733743,2399
wikics,json,2400,399,1555.25,3595.0,7170.75,14811,4740.122916666666,3800.76065019993,2400
wikics,table,2400,395,883.75,1636.0,2934.0,5762,2049.1566666666668,1396.1043156395172,2400
