dataset,graph_format,count,min_tokens,quantile_25_tokens,median_tokens,quantile_75_tokens,max_tokens,mean_tokens,std_dev_tokens,less_than_15000
fingerprint,gml,3200,773,998.0,1199.0,1528.0,2803,1276.3134375,336.29611008001706,3200
fingerprint,graphml,3200,1128,1463.0,1729.5,2219.0,3939,1858.7234375,470.4799509631245,3200
fingerprint,json,3200,836,1098.0,1319.5,1691.0,3139,1406.8646875,382.87084085664,3200
fingerprint,table,3200,671,830.0,961.0,1085.0,1710,967.7659375,169.7231658099816,3200
