dataset,graph_format,count,min_tokens,quantile_25_tokens,median_tokens,quantile_75_tokens,max_tokens,mean_tokens,std_dev_tokens,less_than_15000
connectivity,gml,1600,510,982.0,1670.0,2640.75,5875,1929.2375,1138.3270406064591,1600
connectivity,graphml,1600,541,1024.0,1794.0,2865.75,6754,2093.01375,1300.633832998609,1600
connectivity,json,1600,504,1028.5,1850.5,2980.75,7025,2157.69,1370.6410642394171,1600
connectivity,table,1600,420,556.75,740.5,989.0,1867,807.7875,300.34841530355976,1600
