dataset,graph_format,count,min_tokens,quantile_25_tokens,median_tokens,quantile_75_tokens,max_tokens,mean_tokens,std_dev_tokens,less_than_15000
connectivity,gml,1600,510,982.25,1670.0,2641.0,5875,1929.13625,1138.4285248215042,1600
connectivity,graphml,1600,541,1024.0,1794.0,2865.75,6754,2092.9125,1300.7426251777656,1600
connectivity,json,1600,504,1028.5,1853.0,2979.5,7025,2157.58875,1370.74825099403,1600
connectivity,table,1600,420,556.75,739.5,989.25,1867,807.68625,300.4380900695937,1600
