dataset,graph_format,count,min_tokens,quantile_25_tokens,median_tokens,quantile_75_tokens,max_tokens,mean_tokens,std_dev_tokens,less_than_15000
node_counting,gml,1600,912,3871.75,5682.0,7967.75,13355,5966.295,2774.297729229236,1600
node_counting,graphml,1600,1039,4513.5,6665.5,9405.0,16022,7020.93875,3346.3842638023625,1587
node_counting,json,1600,1018,4653.75,6898.5,9758.75,16591,7263.395,3477.9985275404424,1575
node_counting,table,1600,526,1319.0,1790.5,2377.25,3834,1868.86125,726.7247131850602,1600
