dataset,graph_format,count,min_tokens,quantile_25_tokens,median_tokens,quantile_75_tokens,max_tokens,mean_tokens,std_dev_tokens,less_than_15000
re_europe,gml,3200,941,2196.75,2915.0,4011.5,11500,3225.1121875,1450.0349043157125,3200
re_europe,graphml,3200,1314,2941.75,3841.5,5148.25,14441,4203.3428125,1780.8152927488024,3200
re_europe,json,3200,1035,2483.0,3322.5,4605.0,13311,3689.8159375,1692.151618842887,3200
re_europe,table,3200,752,1379.0,1685.5,2118.5,5302,1799.165625,587.3668625872839,3200
