dataset,graph_format,count,min_tokens,quantile_25_tokens,median_tokens,quantile_75_tokens,max_tokens,mean_tokens,std_dev_tokens,less_than_15000
esol,gml,1128,577,1906.0,2614.5,3768.0,10865,2879.5416666666665,1310.8184266654155,1128
esol,graphml,1128,973,3173.0,4297.5,6119.5,17342,4714.495567375887,2073.444721969851,1126
esol,json,1128,617,2326.0,3234.5,4713.25,13831,3574.8820921985816,1683.5597862757174,1128
esol,table,1128,602,1026.0,1218.0,1550.0,3490,1298.1826241134752,368.4396851302951,1128
