dataset,graph_format,count,min_tokens,quantile_25_tokens,median_tokens,quantile_75_tokens,max_tokens,mean_tokens,std_dev_tokens,less_than_15000
chebi20,gml,10000,777,3339.0,5003.5,7343.25,108730,6291.5902,5436.593842372688,9584
chebi20,graphml,10000,1433,5491.0,8088.5,11765.25,171989,10136.9756,8595.303653594445,8415
chebi20,json,10000,891,4183.0,6304.0,9298.25,139354,7958.7518,6967.084059262212,9109
chebi20,table,10000,648,1397.0,1887.0,2547.0,31517,2244.7052,1557.5238972683605,9980
