dataset,graph_format,count,min_tokens,quantile_25_tokens,median_tokens,quantile_75_tokens,max_tokens,mean_tokens,std_dev_tokens,less_than_15000
bace,gml,1513,2373,5829.0,6714.0,7876.0,18135,6892.374091209517,1530.807024742261,1512
bace,graphml,1513,3848,9314.0,10714.0,12562.0,28845,11000.110376734963,2427.191878364013,1441
bace,json,1513,2893,7333.0,8468.0,9955.0,23117,8694.395241242564,1963.1981698235413,1505
bace,table,1513,1238,2210.0,2458.0,2803.0,5712,2518.2551222736283,436.13659327241913,1513
