dataset,graph_format,count,min_tokens,quantile_25_tokens,median_tokens,quantile_75_tokens,max_tokens,mean_tokens,std_dev_tokens,less_than_15000
movielens1m,gml,3200,3044,4963.75,6545.5,8281.0,10071,6606.845625,1912.0962333379223,3200
movielens1m,graphml,3200,4850,7651.75,9982.0,12503.25,15021,10051.2215625,2797.6199709202438,3198
movielens1m,json,3200,3326,5732.5,7722.5,9875.5,12093,7786.1940625,2398.2227967464582,3200
movielens1m,table,3200,1792,2970.5,3925.0,4958.25,6060,3953.0140625,1148.4269274717285,3200
