dataset,graph_format,count,min_tokens,quantile_25_tokens,median_tokens,quantile_75_tokens,max_tokens,mean_tokens,std_dev_tokens,less_than_15000
esol,gml,3199,427,1806.0,2528.0,3653.5,8475,2787.27352297593,1258.8973507035107,3199
esol,graphml,3199,823,3103.0,4224.0,6025.0,13573,4677.166927164739,1993.2814787248217,3199
esol,json,3199,467,2212.0,3128.0,4600.5,10763,3478.166927164739,1617.411120271071,3199
esol,table,3199,452,1000.5,1212.0,1518.0,2850,1274.5658018130666,356.81628835175167,3199
