dataset,graph_format,count,min_tokens,quantile_25_tokens,median_tokens,quantile_75_tokens,max_tokens,mean_tokens,std_dev_tokens,less_than_15000
re_europe,gml,10000,948,2232.0,3039.0,4176.0,15089,3359.2134,1605.117789313979,9998
re_europe,graphml,10000,1310,2962.0,3953.5,5304.0,18758,4325.5347,1957.0460260072332,9986
re_europe,json,10000,1042,2521.0,3449.0,4787.0,17489,3833.7102,1863.3349325666202,9992
re_europe,table,10000,751,1342.0,1685.0,2148.0,6662,1810.9465,661.4681566409495,10000
